company,document,reporting_period,source_url,page_or_section,metric,reported_value,units,extraction_note,verified
Rheinmetall,FY 2025 financial figures,2025,https://www.rheinmetall.com/en/media/news-watch/news/2026/03/2026-03-11-rheinmetall-presents-annual-report-for-2025,Fiscal year 2025 section,revenue,9935,EUR m,Consolidated sales; civilian business classified as discontinued operations,yes
Rheinmetall,FY 2025 financial figures,2025,https://www.rheinmetall.com/en/media/news-watch/news/2026/03/2026-03-11-rheinmetall-presents-annual-report-for-2025,Fiscal year 2025 section,operating result,1841,EUR m,Reported as operating result; do not treat as EBITDA without reconciliation,yes
Rheinmetall,Annual Report 2025,2025,https://www.rheinmetall.com/en/investor-relations/publications/financial-publications-and-presentations,p. 60,net financial debt,369,EUR m,Reported as net liquidity (+) of EUR 369m: financial debts of EUR 1281m less cash and cash equivalents of EUR 1650m; financial debts include leasing,yes
Rheinmetall,Annual Report 2025,2025,https://www.rheinmetall.com/en/investor-relations/publications/financial-publications-and-presentations,p. 199,EBIT,1684,EUR m,Consolidated income statement: earnings before interest and taxes,yes
Rheinmetall,Annual Report 2025,2025,https://www.rheinmetall.com/en/investor-relations/publications/financial-publications-and-presentations,p. 199,interest income,4,EUR m,Consolidated income statement,yes
Rheinmetall,Annual Report 2025,2025,https://www.rheinmetall.com/en/investor-relations/publications/financial-publications-and-presentations,p. 199,interest expense,116,EUR m,Consolidated income statement; reported as a positive absolute amount in this register,yes
Rheinmetall,Annual Report 2025,2025,https://www.rheinmetall.com/en/investor-relations/publications/financial-publications-and-presentations,p. 199,net interest expense,112,EUR m,Calculated from reported interest expense of EUR 116m less interest income of EUR 4m; excludes other financial result,yes
Rheinmetall,Annual Report 2025,2025,https://www.rheinmetall.com/en/investor-relations/publications/financial-publications-and-presentations,p. 226,lease liabilities,306,EUR m,Included within reported financial debts; separate maturity table,yes
Rheinmetall,Share price data,2025,https://www.rheinmetall.com/en/investor-relations/share/share-price,FY2025 share-price table,year-end market capitalisation,71810,EUR m,Official investor-relations table: stock market value as at end of 2025,yes
Rheinmetall,FY 2025 financial figures,2025,https://www.rheinmetall.com/en/media/news-watch/news/2026/03/2026-03-11-rheinmetall-presents-annual-report-for-2025,Fiscal year 2025 section,order backlog,63800,EUR m,Includes binding order backlog and framework agreements,yes
Hensoldt,FY 2025 financial figures,2025,https://www.hensoldt.net/news/financial-year-2025-hensoldt-achieves-record-order-intake-and-confirms-structural-growth-path,FY 2025 highlights,revenue,2455,EUR m,Reported group revenue,yes
Hensoldt,FY 2025 financial figures,2025,https://www.hensoldt.net/news/financial-year-2025-hensoldt-achieves-record-order-intake-and-confirms-structural-growth-path,FY 2025 highlights,adjusted EBITDA,452,EUR m,Reported adjusted EBITDA,yes
Hensoldt,FY 2025 financial figures,2025,https://www.hensoldt.net/news/financial-year-2025-hensoldt-achieves-record-order-intake-and-confirms-structural-growth-path,FY 2025 highlights,net leverage,1.6,x,Reported net leverage; underlying debt definition still to be captured from audited report,yes
Hensoldt,FY 2025 financial figures,2025,https://www.hensoldt.net/news/financial-year-2025-hensoldt-achieves-record-order-intake-and-confirms-structural-growth-path,FY 2025 highlights,order backlog,8833,EUR m,Reported order backlog at year end,yes
Hensoldt,Annual Report 2025,2025,https://www.hensoldt.net/news/hensoldt-publishes-its-2025-annual-report,p. 212,net debt,-297,EUR m,Audited definition: current and non-current financing liabilities plus other financial liabilities less cash and cash equivalents; excludes lease liabilities,yes
Hensoldt,Annual Report 2025,2025,https://www.hensoldt.net/news/hensoldt-publishes-its-2025-annual-report,p. 145,EBIT,221,EUR m,Consolidated income statement: earnings before financial result and income taxes,yes
Hensoldt,Annual Report 2025,2025,https://www.hensoldt.net/news/hensoldt-publishes-its-2025-annual-report,p. 145,interest income,25,EUR m,Consolidated income statement,yes
Hensoldt,Annual Report 2025,2025,https://www.hensoldt.net/news/hensoldt-publishes-its-2025-annual-report,p. 145,interest expense,106,EUR m,Consolidated income statement; reported as a positive absolute amount in this register,yes
Hensoldt,Annual Report 2025,2025,https://www.hensoldt.net/news/hensoldt-publishes-its-2025-annual-report,pp. 148 and 212,lease liabilities,451,EUR m,Current and non-current lease liabilities; excluded from the issuer-reported net-debt table,yes
Hensoldt,Annual Report 2025,2025,https://www.hensoldt.net/news/hensoldt-publishes-its-2025-annual-report,pp. 148 and 212,standardised net debt,748,EUR m,Calculated as issuer-reported debt components of EUR 1230m plus lease liabilities of EUR 451m less cash of EUR 933m; calculation is not an issuer-reported metric,yes
Hensoldt,Annual Report 2025,2025,https://www.hensoldt.net/news/hensoldt-publishes-its-2025-annual-report,p. 14,year-end share price,73.40,EUR per share,Xetra closing share price on 31 December 2025,yes
Hensoldt,Annual Report 2025,2025,https://www.hensoldt.net/news/hensoldt-publishes-its-2025-annual-report,p. 14,year-end market capitalisation,8478,EUR m,Market capitalisation on 31 December 2025,yes
Renk,FY 2025 financial figures,2025,https://ir.renk.com/news-releases/news-release-details/fiscal-year-2025-renk-group-ag-achieves-annual-targets-new,Fiscal year 2025 results,revenue,1366,EUR m,Reported consolidated revenue,yes
Renk,FY 2025 financial figures,2025,https://ir.renk.com/news-releases/news-release-details/fiscal-year-2025-renk-group-ag-achieves-annual-targets-new,Fiscal year 2025 results,adjusted EBIT,230,EUR m,Reported adjusted EBIT; do not treat as EBITDA without reconciliation,yes
Renk,Annual Report 2025,2025,https://ir.renk.com/reports-presentations/financial-reporting,p. 142,cash and cash equivalents,187.078,EUR m,Consolidated statement of financial position,yes
Renk,Annual Report 2025,2025,https://ir.renk.com/reports-presentations/financial-reporting,p. 196,total financial liabilities,535.276,EUR m,Includes loan liabilities cash-pool liabilities and lease liabilities,yes
Renk,Annual Report 2025,2025,https://ir.renk.com/reports-presentations/financial-reporting,p. 196,lease liabilities,18.500,EUR m,EUR 14.627m non-current plus EUR 3.873m current; included in total financial liabilities,yes
Renk,Annual Report 2025,2025,https://ir.renk.com/reports-presentations/financial-reporting,pp. 142 and 196,standardised net debt,348.198,EUR m,Calculated as total financial liabilities of EUR 535.276m less cash and cash equivalents of EUR 187.078m; calculation is not an issuer-reported metric,yes
Renk,Annual Report 2025,2025,https://ir.renk.com/reports-presentations/financial-reporting,p. 140,EBIT,169.352,EUR m,Reported as operating profit in the consolidated income statement,yes
Renk,Annual Report 2025,2025,https://ir.renk.com/reports-presentations/financial-reporting,pp. 140 and 176,interest expense,33.805,EUR m,Consolidated income statement and note 11; no separate interest-income line is reported,yes
Renk,Annual Report 2025,2025,https://ir.renk.com/reports-presentations/financial-reporting,p. 196,covenant net leverage,1.7,x,Reported consolidated net leverage ratio as at 31 December 2025; issuer-specific covenant definition,yes
Renk,Annual Report 2025,2025,https://ir.renk.com/reports-presentations/financial-reporting,p. 30,free cash flow,66.9,EUR m,Management-reported free cash flow; lower than EUR 87.4m in FY2024 following working-capital expansion,yes
Renk,Annual Report 2025,2025,https://ir.renk.com/reports-presentations/financial-reporting,p. 188,shares outstanding,100,shares m,Subscribed capital consists of 100 million no-par value bearer shares,yes
Renk,Historical Price Lookup,2025,https://ir.renk.com/share-information/historical-price-lookup,Annual close prices - Xetra,year-end share price,53.62,EUR per share,Official Xetra annual close price for 2025,yes
Renk,FY 2025 financial figures,2025,https://ir.renk.com/news-releases/news-release-details/fiscal-year-2025-renk-group-ag-achieves-annual-targets-new,Fiscal year 2025 results,order backlog,6680,EUR m,Reported total order backlog at year end,yes
